Block,Cue,Target
1,ADD,JOIN
1,LEGEND,HISTORY
1,BELOW,WATER
1,RASH,BUMPS
1,OUNCE,FLUID
1,RARE,UNUSUAL
1,HEAD,NECK
1,NUT,ALMOND
1,MUSTY,STINK
1,MAIL,CALL
1,LOBSTER,DINNER
1,CRUNCH,BAR
1,BED,SOFT
1,RESULT,TEST
1,DATE,MONTH
1,LEMON,FRUIT
1,AGAIN,STOP
1,ZEBRA,DONKEY
1,SCIENCE,STUDY
1,FOIL,PAPER
1,MATTER,EARTH
1,MAYOR,ELECT
1,SIBLING,FAMILY
1,CLAMP,TIRE
1,FATE,BELIEF
1,CONTROL,RULE
1,OTTER,STREAM
1,TALK,LOUD
1,FIRM,STAND
1,CARBON,ATOM
1,CREDIT,CASH
1,CREATURE,LIZARD
1,FRY,HEAT
1,COMA,SICK
1,AGREE,PLEASE
1,WORN,WEAR
1,BURIAL,COFFIN
1,WORKER,BOSS
1,BLUE,SAD
1,QUILT,PATCH
2,FRENCH,DRESSING
2,HARD,BRICK
2,METAL,GOLD
2,PLAID,SOLID
2,DECK,PORCH
2,FALL,RISE
2,SKI,SLOPE
2,FISHING,REEL
2,MUD,RAIN
2,LOOP,TIE
2,LIMOUSINE,STRETCH
2,CROOKED,EVIL
2,BAT,DARK
2,RACE,FAST
2,DISHES,DINNER
2,CACTUS,THORN
2,ADVISE,TELL
2,SPLIT,HALF
2,SIREN,SOUND
2,FLIPPER,SWIM
2,LEND,HELP
2,MARKER,POINT
2,SIGHT,LOOK
2,CLAIM,COURT
2,FEED,CORN
2,COOL,AIR
2,TRUCE,EVEN
2,WEED,LAWN
2,FIVE,ONE
2,CAPTURE,PRISON
2,CREW,CAPTAIN
2,CROCHET,THREAD
2,FULL,FOOD
2,CODE,ALARM
2,ANKLE,ELBOW
2,WRECK,SMASH
2,ROBBER,CRIMINAL
2,CAMP,SITE
2,SINK,DROWN
2,HEAR,NOISE
