"","cuelist"
"1","powderpuff"
"2","copper"
"3","cabbage"
"4","crutch"
"5","paprika"
"6","picture frame"
"7","worker"
"8","pomegranate"
"9","doll"
"10","postman"
"11","woodwork"
"12","waste"
"13","sandbank"
"14","keyhole"
"15","medication"
"16","tranquilizers"
"17","wristlet"
"18","antiques"
"19","sheepskin"
"20","figurine"
"21","hoop"
"22","prosecutor"
"23","cedar"
"24","pedal"
"25","eyepiece"
"26","lip"
"27","apprentice"
"28","scientist"
"29","stoop"
"30","sardine"
"31","spatula"
"32","bayonet"
"33","coal"
"34","soap"
"35","raindrop"
"36","cellar"
"37","linen"
"38","satin"
"39","mortician"
"40","paintbox"
"41","genital"
"42","paraphernalia"
"43","rupee"
"44","jean"
"45","note"
"46","checklist"
"47","pole"
"48","lake"
"49","cocaine"
"50","thigh"
"51","collar"
"52","easel"
"53","policewoman"
"54","nickel"
"55","goalpost"
"56","courtyard"
"57","boot"
"58","blower"
"59","hotplate"
"60","godmother"
"61","satchel"
"62","gunpowder"
"63","undergarment"
"64","lettuce"
"65","bottle"
"66","trap"
"67","antibiotics"
"68","assemblyman"
"69","teabag"
"70","choreographer"
"71","rainwater"
"72","turban"
"73","prankster"
"74","barman"
"75","mice"
"76","skittles"
"77","toy"
"78","dolphin"
"79","gondola"
"80","newscaster"
"81","yourself"
"82","yogurt"
"83","nut"
"84","casserole"
"85","apartments"
"86","belt"
"87","flowerpot"
"88","flatiron"
"89","butt"
"90","hibachi"
"91","furnace"
"92","parakeet"
"93","mongoose"
"94","raincoat"
"95","mullets"
"96","acupuncture"
"97","molasses"
"98","rectum"
"99","taffy"
"100","trigger"
"101","crust"
"102","village"
"103","kettledrum"
"104","teaspoonful"
"105","grandchild"
"106","corn"
"107","pan"
"108","device"
"109","dirt"
"110","calf"
"111","fleece"
"112","kissing"
"113","cube"
"114","valet"
"115","chessboard"
"116","stove"
"117","step"
"118","housecoat"
"119","grits"
"120","pool"
"121","blouse"
"122","hippie"
"123","drumstick"
"124","windowsill"
"125","sock"
"126","blazer"
"127","pacifier"
"128","robot"
"129","scalpel"
"130","cable"
"131","yam"
"132","fireplace"
"133","nephew"
"134","ashtray"
"135","chalice"
"136","lounger"
"137","racket"
"138","sibling"
"139","flounder"
"140","burger"
"141","refrigerator"
"142","slut"
"143","lifeboat"
"144","rod"
"145","essay"
"146","trapeze"
"147","cap"
"148","thermometer"
"149","keyboard"
"150","restaurant"
"151","parachutist"
"152","oceanographer"
"153","cake"
"154","corridor"
"155","pooch"
"156","storekeeper"
"157","investigator"
"158","grandma"
"159","apartment"
"160","money"
"161","claw"
"162","tongs"
"163","teapot"
"164","newsstand"
"165","sundeck"
"166","coleslaw"
"167","bench"
"168","platter"
"169","mayor"
"170","chemicals"
"171","rancher"
"172","wound"
"173","veal"
"174","belly"
"175","orchard"
"176","cane"
"177","vessel"
"178","elbow"
"179","strainer"
"180","asparagus"
"181","altarpiece"
"182","shell"
"183","landscape"
"184","duck"
"185","hardware"
"186","wrapper"
"187","saleslady"
"188","purse"
"189","token"
"190","tube"
"191","block"
"192","clay"
"193","case"
"194","accordion"
"195","hoe"
"196","roll"
"197","seating"
"198","strongbox"
"199","client"
"200","illustrator"
"201","plum"
"202","arrow"
"203","beef"
"204","fruit"
"205","avocado"
"206","ashcan"
"207","drug"
"208","motel"
"209","shelter"
"210","body"
"211","stick"
"212","creek"
"213","linoleum"
"214","eggplant"
"215","paperback"
"216","matter"
"217","pantry"
"218","torchlight"
"219","groundsman"
"220","eyelid"
"221","tent"
"222","person"
"223","suspender"
"224","goldfish"
"225","peanut"
"226","medic"
"227","grandniece"
"228","store"
"229","salesman"
"230","daddy"
"231","cheese"
"232","pine"
"233","people"
"234","silk"
"235","storeroom"
"236","mulch"
"237","kilt"
"238","grapevine"
"239","pad"
"240","eyebath"
"241","funnel"
"242","cushion"
"243","guitar"
"244","motorboat"
"245","conductor"
"246","banquet"
"247","controller"
"248","mucous"
"249","radish"
"250","desert"
"251","blindfold"
"252","screw"
"253","crystal"
"254","bird"
"255","footballer"
"256","canvass"
"257","tinfoil"
"258","snowfall"
"259","myself"
"260","chinaware"
"261","van"
"262","parsnip"
"263","ginger"
"264","balcony"
"265","wand"
"266","berry"
"267","chronograph"
"268","pilaf"
"269","bathe"
"270","ticket"
"271","tabasco"
"272","bicep"
"273","tofu"
"274","family"
"275","scale"
"276","physician"
"277","harvest"
"278","whisky"
"279","kid"
"280","kitten"
"281","frame"
"282","spice"
"283","feline"
"284","gearbox"
"285","mincemeat"
"286","parka"
"287","headphones"
"288","rum"
"289","aftershave"
"290","sleigh"
"291","doorknob"
"292","chapel"
"293","nutshell"
"294","drill"
"295","groom"
"296","bookseller"
"297","caddy"
"298","handbook"
"299","leech"
"300","wastebasket"
"301","memorabilia"
"302","fingerboard"
"303","gingersnap"
"304","bubble"
"305","washerwoman"
"306","jacket"
"307","wart"
"308","biscuit"
"309","armband"
"310","book"
"311","attorney"
"312","skate"
"313","bun"
"314","stewardess"
"315","horsewhip"
"316","brochure"
"317","newsagent"
"318","nostril"
"319","teeth"
"320","cheesecake"
"321","accessory"
"322","wine"
"323","propeller"
"324","rhubarb"
"325","pickle"
"326","roach"
"327","blood"
"328","scrubber"
"329","locker"
"330","herbivore"
"331","snowdrift"
"332","handsaw"
"333","dagger"
"334","ferret"
"335","plywood"
"336","battleship"
"337","beet"
"338","hip"
"339","fungus"
"340","someone"
"341","pinkie"
"342","dumbbell"
"343","certificate"
"344","bass"
"345","flower"
"346","stockings"
"347","dock"
"348","necklace"
"349","showerhead"
"350","cobweb"
"351","mayonnaise"
"352","bartender"
"353","dairy"
"354","bystander"
"355","champagne"
"356","shot"
"357","toddler"
"358","mall"
"359","sifter"
"360","condiment"
"361","hourglass"
"362","string"
"363","closet"
"364","cocktail"
"365","author"
"366","cleat"
"367","cheeseburger"
"368","tuba"
"369","driftwood"
"370","seasoning"
"371","fisherman"
"372","earring"
"373","milkshake"
"374","hairpin"
"375","booth"
"376","doorstep"
"377","crayon"
"378","clip"
"379","granddaughter"
"380","pedestal"
"381","doctor"
"382","hamstring"
"383","vagina"
"384","flannels"
"385","cord"
"386","wagon"
"387","cotton"
"388","soil"
"389","menu"
"390","blackberry"
"391","pharmacist"
"392","addict"
"393","copybook"
"394","amulet"
"395","eraser"
"396","spareribs"
"397","playroom"
"398","oxtail"
"399","vine"
"400","liqueur"
"401","rake"
"402","vest"
"403","jogger"
"404","squirrel"
"405","kelp"
"406","trinket"
"407","anus"
"408","kitty"
"409","cabinet"
"410","vein"
"411","testes"
"412","crawfish"
"413","topsoil"
"414","frog"
"415","placenta"
"416","guesthouse"
"417","ammo"
"418","washroom"
"419","snowshoe"
"420","checkerboard"
"421","organ"
"422","bugle"
"423","spinach"
"424","cutlery"
"425","toiletry"
"426","steroids"
"427","bell"
"428","sunflower"
"429","cadillac"
"430","muffler"
"431","splint"
"432","gumdrop"
"433","schoolhouse"
"434","iguana"
"435","can"
"436","seaweed"
"437","quill"
"438","lizard"
"439","ring"
"440","piano"
"441","condominium"
"442","gangster"
"443","adapter"
"444","basin"
"445","coupon"
"446","breastplate"
"447","semen"
"448","chimpanzee"
"449","girlfriend"
"450","guard"
"451","dishwasher"
"452","espresso"
"453","tenderloin"
"454","appetizer"
"455","inventor"
"456","elevator"
"457","skewer"
"458","cosmetician"
"459","bellboy"
"460","packaging"
"461","armor"
"462","croissant"
"463","leopard"
"464","eyeball"
"465","sweater"
"466","thread"
"467","programmer"
"468","silkworm"
"469","godparent"
"470","raft"
"471","goose"
"472","barley"
"473","tear"
"474","bagpipes"
"475","couch"
"476","toe"
"477","lantern"
"478","steak"
"479","letterbox"
"480","goggles"
"481","lubrication"
"482","saltwater"
"483","woodcutter"
"484","switchblade"
"485","tray"
"486","cage"
"487","treadmill"
"488","kitchen"
"489","yardstick"
"490","splinter"
"491","backpack"
"492","cookie"
"493","oilcloth"
"494","skittle"
"495","tambourine"
"496","jam"
"497","antennae"
"498","seedling"
"499","instructor"
"500","stepladder"
"501","firewood"
"502","craftsman"
"503","dinner"
"504","pastry"
"505","neurologist"
"506","shack"
"507","sedan"
"508","poinsettia"
"509","rodent"
"510","theatergoer"
"511","sketchbook"
"512","gem"
"513","crosswalk"
"514","buddy"
"515","cocoa"
"516","garage"
"517","novel"
"518","flapjack"
"519","citrus"
"520","prisoner"
"521","crepe"
"522","poster"
"523","mistletoe"
"524","wallet"
"525","snot"
"526","caretaker"
"527","merchantman"
"528","magazine"
"529","steelworker"
"530","head"
"531","powder"
"532","weapon"
"533","slug"
"534","roast"
"535","sauce"
"536","insect"
"537","pal"
"538","lamb"
"539","tracksuit"
"540","mat"
"541","ice"
"542","lodge"
"543","breadbasket"
"544","honeydew"
"545","box"
"546","turtleneck"
"547","woodcraft"
"548","slide"
"549","journal"
"550","auditorium"
"551","shirt"
"552","stapler"
"553","suture"
"554","pill"
"555","shovel"
"556","shaker"
"557","earplug"
"558","flowerbed"
"559","child"
"560","crown"
"561","prize"
"562","bucket"
"563","brick"
"564","diaper"
"565","lasso"
"566","junk"
"567","trunk"
"568","diaphragm"
"569","parachute"
"570","rosebush"
"571","nightstick"
"572","drone"
"573","dress"
"574","mountainside"
"575","beach"
"576","shed"
"577","boat"
"578","buckwheat"
"579","wigmaker"
"580","peephole"
"581","needlepoint"
"582","rabbit"
"583","artist"
"584","stockbroker"
"585","carport"
"586","shield"
"587","stool"
"588","seawater"
"589","pumpernickel"
"590","boomerang"
"591","puddle"
"592","tutor"
"593","clam"
"594","television"
"595","abacus"
"596","actor"
"597","airman"
"598","almond"
"599","aluminum"
"600","ambulance"
"601","anchovy"
"602","ankle"
"603","antique"
"604","apparel"
"605","aquarium"
"606","armpit"
"607","asphalt"
"608","astronaut"
"609","athlete"
"610","atlas"
"611","attire"
"612","aunt"
"613","awning"
"614","ax"
"615","axes"
"616","babe"
"617","backdoor"
"618","backscratcher"
"619","badge"
"620","badminton"
"621","baggage"
"622","bagpipe"
"623","bandage"
"624","banjo"
"625","banknote"
"626","baseboard"
"627","basketball"
"628","bath"
"629","beaker"
"630","beautician"
"631","beggar"
"632","bellman"
"633","belongings"
"634","beret"
"635","bike"
"636","birdbath"
"637","bistro"
"638","blackboard"
"639","blowgun"
"640","blowpipe"
"641","blowtorch"
"642","bluefish"
"643","bomb"
"644","bookkeeper"
"645","booklet"
"646","bowl"
"647","bowling"
"648","breadboard"
"649","broomstick"
"650","brow"
"651","brush"
"652","builder"
"653","building"
"654","bulldozer"
"655","bullet"
"656","burlap"
"657","businessman"
"658","busman"
"659","buttercup"
"660","butterscotch"
"661","buttonhook"
"662","cab"
"663","cabdriver"
"664","cafeteria"
"665","calculator"
"666","calender"
"667","calves"
"668","candle"
"669","candy"
"670","cannabis"
"671","cantaloupe"
"672","cardboard"
"673","casebook"
"674","cashier"
"675","casket"
"676","castle"
"677","cat"
"678","catalogue"
"679","catapult"
"680","cattle"
"681","cauldron"
"682","cauliflower"
"683","centipede"
"684","ceramics"
"685","cervix"
"686","chauffeur"
"687","cheek"
"688","chef"
"689","chevy"
"690","chickenfeed"
"691","chili"
"692","chimney"
"693","chin"
"694","chisel"
"695","chocolate"
"696","chow"
"697","cider"
"698","clamshell"
"699","cleavage"
"700","cleavers"
"701","clergyman"
"702","clips"
"703","cloak"
"704","clock"
"705","clothes"
"706","clothing"
"707","clove"
"708","coaster"
"709","coffee"
"710","coffeepot"
"711","collarbone"
"712","companion"
"713","concert"
"714","concrete"
"715","container"
"716","contraceptive"
"717","cooler"
"718","copilot"
"719","cornflakes"
"720","cornflower"
"721","corsage"
"722","cosmetics"
"723","councilman"
"724","counselor"
"725","cowhide"
"726","cranberry"
"727","crane"
"728","crankshaft"
"729","crap"
"730","crayfish"
"731","crouton"
"732","custodian"
"733","dad"
"734","dandelion"
"735","debris"
"736","deck"
"737","deliverer"
"738","den"
"739","deodorant"
"740","diagram"
"741","diamond"
"742","dictionary"
"743","dinnerware"
"744","diploma"
"745","dish"
"746","document"
"747","dollhouse"
"748","domino"
"749","dominoes"
"750","door"
"751","doorstop"
"752","dorm"
"753","dormitory"
"754","dough"
"755","doughnut"
"756","dressmaker"
"757","driver"
"758","dustbin"
"759","duster"
"760","dye"
"761","earplugs"
"762","editor"
"763","educator"
"764","electrician"
"765","electrocardiogram"
"766","employer"
"767","engineer"
"768","equipment"
"769","examiner"
"770","eye"
"771","eyeglass"
"772","eyewash"
"773","face"
"774","farm"
"775","farmer"
"776","featherbed"
"777","female"
"778","fender"
"779","fern"
"780","ferryboat"
"781","festival"
"782","fiancee"
"783","fieldstone"
"784","firearm"
"785","fish"
"786","fishpond"
"787","flamethrower"
"788","flannel"
"789","flaxseed"
"790","flour"
"791","footboard"
"792","footwear"
"793","forefinger"
"794","forest"
"795","freezer"
"796","frosting"
"797","garbage"
"798","garlic"
"799","gasket"
"800","gingerbread"
"801","girdle"
"802","glass"
"803","godfather"
"804","golf"
"805","gooseberry"
"806","grapefruit"
"807","grater"
"808","grave"
"809","greenhouse"
"810","grenade"
"811","groceries"
"812","ground"
"813","guardhouse"
"814","guardrail"
"815","guitarist"
"816","gun"
"817","guy"
"818","gym"
"819","gynecologist"
"820","hairdo"
"821","hairline"
"822","hammer"
"823","hamper"
"824","hand"
"825","handball"
"826","handclap"
"827","hardcover"
"828","hardwood"
"829","harness"
"830","hatband"
"831","headboard"
"832","headlight"
"833","headmistress"
"834","headpiece"
"835","heads"
"836","hen"
"837","hiker"
"838","him"
"839","holder"
"840","honeycomb"
"841","honeysuckle"
"842","hood"
"843","hookers"
"844","horseman"
"845","horseradish"
"846","hostel"
"847","hotel"
"848","hound"
"849","hug"
"850","husk"
"851","icebox"
"852","infant"
"853","jawbreaker"
"854","jersey"
"855","jumper"
"856","kale"
"857","keg"
"858","key"
"859","knapsack"
"860","knickers"
"861","knitting"
"862","knob"
"863","knot"
"864","knuckles"
"865","lad"
"866","larvae"
"867","leaflet"
"868","leather"
"869","leg"
"870","lemon"
"871","lens"
"872","licence"
"873","lifebuoy"
"874","lily"
"875","limb"
"876","lime"
"877","liquor"
"878","loaf"
"879","lozenge"
"880","lubricant"
"881","lunch"
"882","lunchroom"
"883","mace"
"884","magnet"
"885","magnolia"
"886","mallard"
"887","mansion"
"888","mantel"
"889","manure"
"890","manuscript"
"891","marbles"
"892","margarine"
"893","marketeer"
"894","mascot"
"895","matchwood"
"896","mathematician"
"897","mayo"
"898","medal"
"899","medics"
"900","megaphone"
"901","meteorologist"
"902","midwife"
"903","milk"
"904","mitt"
"905","motorcyclist"
"906","muffin"
"907","mullet"
"908","museum"
"909","mushroom"
"910","musician"
"911","mustache"
"912","newsboy"
"913","newsreader"
"914","nightclub"
"915","nightshirt"
"916","nipple"
"917","noodle"
"918","noodles"
"919","noose"
"920","nutmeg"
"921","okra"
"922","olive"
"923","onion"
"924","orchid"
"925","orgy"
"926","ottoman"
"927","outhouse"
"928","package"
"929","padlock"
"930","page"
"931","pail"
"932","pajamas"
"933","pamphlet"
"934","panties"
"935","parchment"
"936","parent"
"937","passerby"
"938","pebble"
"939","pecan"
"940","pedometer"
"941","peg"
"942","pen"
"943","pennant"
"944","pepperoni"
"945","percolator"
"946","photocopier"
"947","pig"
"948","pillow"
"949","pilot"
"950","pinball"
"951","pizza"
"952","plant"
"953","planter"
"954","plaque"
"955","plate"
"956","platform"
"957","playwright"
"958","plexiglas"
"959","plug"
"960","poet"
"961","policeman"
"962","poop"
"963","postcard"
"964","potpourri"
"965","potty"
"966","projector"
"967","pulley"
"968","quarterback"
"969","questionnaire"
"970","raspberry"
"971","rat"
"972","receptionist"
"973","recorder"
"974","respirator"
"975","rifle"
"976","river"
"977","road"
"978","robber"
"979","rope"
"980","rose"
"981","rosewater"
"982","rowboat"
"983","ruler"
"984","runner"
"985","saddlebag"
"986","salamander"
"987","sand"
"988","sapphire"
"989","saucepan"
"990","scallop"
"991","scapula"
"992","scarecrow"
"993","school"
"994","schoolwork"
"995","scissors"
"996","scotch"
"997","scrapbook"
"998","seamstress"
"999","sesame"
"1000","shampoo"
"1001","shank"
"1002","shaving"
"1003","sheepdog"
"1004","shingle"
"1005","shipman"
"1006","shoe"
"1007","shoehorn"
"1008","shopkeeper"
"1009","shoulder"
"1010","shutter"
"1011","sideboard"
"1012","sideburns"
"1013","sixpence"
"1014","skeleton"
"1015","sketch"
"1016","slacks"
"1017","sledgehammer"
"1018","soccer"
"1019","sofa"
"1020","softball"
"1021","spacesuit"
"1022","speedboat"
"1023","spices"
"1024","spine"
"1025","spool"
"1026","sprayer"
"1027","springboard"
"1028","squeegee"
"1029","stage"
"1030","stagecoach"
"1031","staircase"
"1032","stall"
"1033","staple"
"1034","starch"
"1035","stem"
"1036","stencil"
"1037","stepbrother"
"1038","stepfather"
"1039","stepson"
"1040","stirrer"
"1041","stocking"
"1042","stomach"
"1043","storybook"
"1044","street"
"1045","streets"
"1046","strings"
"1047","suds"
"1048","sunroof"
"1049","supervisor"
"1050","supper"
"1051","surgeon"
"1052","sweatband"
"1053","tablecloth"
"1054","tableware"
"1055","tabloid"
"1056","taco"
"1057","taillight"
"1058","tailor"
"1059","tampon"
"1060","tangerine"
"1061","tapestry"
"1062","tar"
"1063","tartar"
"1064","teacher"
"1065","teaspoon"
"1066","tee"
"1067","terrace"
"1068","thermostat"
"1069","thong"
"1070","throne"
"1071","thumbtack"
"1072","thyme"
"1073","tickler"
"1074","tile"
"1075","timepiece"
"1076","tinderbox"
"1077","toast"
"1078","toothbrush"
"1079","topaz"
"1080","tourniquet"
"1081","townspeople"
"1082","track"
"1083","trainee"
"1084","trampoline"
"1085","trench"
"1086","triceps"
"1087","trolley"
"1088","trophy"
"1089","truck"
"1090","tulip"
"1091","tuna"
"1092","tunic"
"1093","turf"
"1094","tutu"
"1095","umbrella"
"1096","underclothes"
"1097","underclothing"
"1098","urinal"
"1099","vanilla"
"1100","vaseline"
"1101","veranda"
"1102","videotape"
"1103","villager"
"1104","violinist"
"1105","volleyball"
"1106","vomit"
"1107","voter"
"1108","waffle"
"1109","waist"
"1110","wallboard"
"1111","walnut"
"1112","walrus"
"1113","washbasin"
"1114","watchband"
"1115","water"
"1116","weaponry"
"1117","weatherman"
"1118","wench"
"1119","wheelbarrow"
"1120","wheelchair"
"1121","whip"
"1122","whisker"
"1123","whiskey"
"1124","whistle"
"1125","windbreaker"
"1126","wineglass"
"1127","wiring"
"1128","workroom"
"1129","worksheet"
"1130","wrestler"
"1131","wrist"
"1132","wristband"
"1133","xylophone"
"1134","yarn"
"1135","zucchini"
"1136","kettle"
"1137","lemonade"
"1138","beetle"
"1139","fauna"
"1140","sirloin"
"1141","pendant"
"1142","dog"
"1143","woods"
"1144","cousin"
"1145","ale"
"1146","jewel"
"1147","pocketbook"
"1148","carp"
"1149","surveyor"
"1150","buttocks"
"1151","matchbox"
"1152","tranquilizer"
"1153","ointment"
"1154","husky"
"1155","passenger"
"1156","waistband"
"1157","deliveryman"
"1158","bookcase"
"1159","minnow"
"1160","spectroscope"
"1161","privates"
"1162","apple"
"1163","dust"
"1164","escalator"
"1165","button"
"1166","nursery"
"1167","stitching"
"1168","primates"
"1169","winch"
"1170","slipknot"
"1171","servant"
"1172","sketchpad"
"1173","pimento"
"1174","pumpkin"
"1175","photograph"
"1176","clergy"
"1177","foodstuff"
"1178","marksman"
"1179","nameplate"
"1180","headset"
"1181","bookend"
"1182","bank"
"1183","mouthwash"
"1184","portrait"
"1185","mop"
"1186","nun"
"1187","iron"
"1188","undercoat"
"1189","jukebox"
"1190","costumer"
"1191","baby"
"1192","punchbowl"
"1193","crotch"
"1194","scallion"
"1195","pigtail"
"1196","ketchup"
"1197","nail"
"1198","thumbnail"
"1199","shingles"
"1200","bamboo"
"1201","brisket"
"1202","lawn"
"1203","dachshund"
"1204","meal"
"1205","kebab"
"1206","paint"
"1207","curd"
"1208","gardenia"
"1209","tourist"
"1210","greenback"
"1211","juror"
"1212","sandwich"
"1213","homework"
"1214","nylon"
"1215","hickory"
"1216","syringe"
"1217","prune"
"1218","submarine"
"1219","thermos"
"1220","roosters"
"1221","window"
"1222","sandpaper"
"1223","smooch"
"1224","floss"
"1225","grill"
"1226","asshole"
"1227","mountain"
"1228","pitchfork"
"1229","nightgown"
"1230","publisher"
"1231","kin"
"1232","jasmine"
"1233","handhold"
"1234","workshop"
"1235","vocalist"
"1236","limousine"
"1237","piss"
"1238","helicopter"
"1239","amphetamine"
"1240","monument"
"1241","automotive"
"1242","bed"
"1243","soup"
"1244","crabgrass"
"1245","hostess"
"1246","bib"
"1247","rickshaw"
"1248","trout"
"1249","dipper"
"1250","strawberry"
"1251","bricklayer"
"1252","gunfighter"
"1253","gown"
"1254","macaroni"
"1255","cacti"
"1256","shellfish"
"1257","chairperson"
"1258","capsule"
"1259","motor"
"1260","iceboat"
"1261","conditioner"
"1262","omelette"
"1263","leaves"
"1264","sundae"
"1265","scrotum"
"1266","scraper"
"1267","pharmacy"
"1268","wolfhound"
"1269","sharpener"
"1270","souffle"
"1271","visor"
"1272","flooring"
"1273","beard"
"1274","bodybuilder"
"1275","mantle"
"1276","pacemaker"
"1277","bookmarker"
"1278","detonator"
"1279","pasta"
"1280","ear"
"1281","woodwind"
"1282","juice"
"1283","cork"
"1284","helmet"
"1285","lounge"
"1286","props"
"1287","item"
"1288","fingertip"
"1289","piglet"
"1290","tearoom"
"1291","igloo"
"1292","chalet"
"1293","cement"
"1294","crewman"
"1295","nettle"
"1296","camisole"
"1297","mask"
"1298","banana"
"1299","trailer"
"1300","bookshelf"
"1301","strap"
"1302","moccasin"
"1303","chihuahua"
"1304","employee"
"1305","prostitute"
"1306","mouthpiece"
"1307","cymbals"
"1308","sportswoman"
"1309","paw"
"1310","script"
"1311","potboiler"
"1312","bra"
"1313","pond"
"1314","journalist"
"1315","earmuff"
"1316","photocopy"
"1317","council"
"1318","sledge"
"1319","briefs"
"1320","produce"
"1321","ballerina"
"1322","egg"
"1323","azalea"
"1324","veil"
"1325","sauerkraut"
"1326","boardinghouse"
"1327","anvil"
"1328","handlebar"
"1329","pallet"
"1330","biologist"
"1331","object"
"1332","grandpa"
"1333","passionflower"
"1334","apparatus"
"1335","compasses"
"1336","earth"
"1337","fryer"
"1338","surfboard"
"1339","viola"
"1340","afro"
"1341","sherbet"
"1342","manicurist"
"1343","violin"
"1344","pedestrian"
"1345","ledger"
"1346","pipe"
"1347","cash"
"1348","glasses"
"1349","plumber"
"1350","tubing"
"1351","curry"
"1352","workbench"
"1353","notepaper"
"1354","blackheads"
"1355","poodle"
"1356","fig"
"1357","goggle"
"1358","cup"
"1359","timber"
"1360","meadow"
"1361","antiseptics"
"1362","rye"
"1363","limes"
"1364","saloon"
"1365","putty"
"1366","reptile"
"1367","organism"
"1368","livestock"
"1369","clamp"
"1370","blister"
"1371","serviceman"
"1372","gatekeeper"
"1373","cavalryman"
"1374","buttonhole"
"1375","sponge"
"1376","bunk"
"1377","kite"
"1378","snack"
"1379","bleach"
"1380","firecracker"
"1381","rubbish"
"1382","candidate"
"1383","medallion"
"1384","masseur"
"1385","foot"
"1386","cloth"
"1387","medicine"
"1388","battery"
"1389","cape"
"1390","radiator"
"1391","armoire"
"1392","neckerchief"
"1393","phone"
"1394","home"
"1395","farmhouse"
"1396","cheekbone"
"1397","crop"
"1398","brace"
"1399","cuff"
"1400","mascara"
"1401","nightie"
"1402","moonshine"
"1403","rib"
"1404","sawdust"
"1405","vibrator"
"1406","cobblestone"
"1407","lobster"
"1408","paddle"
"1409","daggers"
"1410","jockstrap"
"1411","caterpillar"
"1412","microscope"
"1413","teakettle"
"1414","eyeglasses"
"1415","bush"
"1416","dumbwaiter"
"1417","executioner"
"1418","sawhorse"
"1419","captain"
"1420","bedpost"
"1421","greyhound"
"1422","goalkeeper"
"1423","match"
"1424","mallet"
"1425","democrat"
"1426","furnishings"
"1427","passport"
"1428","wall"
"1429","boatman"
"1430","camera"
"1431","mitten"
"1432","chowder"
"1433","entertainer"
"1434","steel"
"1435","leash"
"1436","colt"
"1437","customer"
"1438","valve"
"1439","soy"
"1440","brandy"
"1441","fawn"
"1442","shrimp"
"1443","pearl"
"1444","dishwater"
"1445","breeches"
"1446","basement"
"1447","frankfurter"
"1448","stationery"
"1449","library"
"1450","bunion"
"1451","altar"
"1452","shuffleboard"
"1453","stairs"
"1454","teammate"
"1455","ship"
"1456","appendage"
"1457","scab"
"1458","pouch"
"1459","computer"
"1460","chicken"
"1461","rook"
"1462","grandnephew"
"1463","flag"
"1464","car"
"1465","clothesline"
"1466","acrobat"
"1467","gin"
"1468","nugget"
"1469","pelvis"
"1470","blackhead"
"1471","kleenex"
"1472","moustache"
"1473","sister"
"1474","chopstick"
"1475","shirtsleeve"
"1476","goulash"
"1477","ant"
"1478","housewife"
"1479","record"
"1480","trainer"
"1481","midget"
"1482","hailstone"
"1483","physiologist"
"1484","practitioner"
"1485","present"
"1486","crocodile"
"1487","stepsister"
"1488","penthouse"
"1489","flyswatter"
"1490","horse"
"1491","wigwam"
"1492","hairstylist"
"1493","pedicurist"
"1494","sailboat"
"1495","kumquat"
"1496","spout"
"1497","paintbrush"
"1498","wiper"
"1499","committeewoman"
"1500","uniform"
"1501","bus"
"1502","cornmeal"
"1503","balloonist"
"1504","crib"
"1505","grandfather"
"1506","fertilizer"
"1507","youngster"
"1508","scooter"
"1509","skirt"
"1510","breakfast"
"1511","treat"
"1512","garment"
"1513","attendant"
"1514","scanner"
"1515","protractor"
"1516","crossbar"
"1517","supermarket"
"1518","ukulele"
"1519","donkey"
"1520","me"
"1521","bedclothes"
"1522","spectacles"
"1523","jelly"
"1524","son"
"1525","instrument"
"1526","archives"
"1527","furniture"
"1528","bodice"
"1529","faucet"
"1530","clipboard"
"1531","picture"
"1532","automobile"
"1533","carton"
"1534","ventilator"
"1535","quilt"
"1536","creature"
"1537","branch"
"1538","stair"
"1539","student"
"1540","puzzle"
"1541","hairdresser"
"1542","thorn"
"1543","suppository"
"1544","pinewood"
"1545","slaw"
"1546","underpants"
"1547","caramel"
"1548","canine"
"1549","bracelet"
"1550","skateboard"
"1551","underbrush"
"1552","teacup"
"1553","paperweight"
"1554","orthodontist"
"1555","tea"
"1556","granite"
"1557","midshipman"
"1558","insulin"
"1559","cottage"
"1560","testicle"
"1561","dermatologist"
"1562","handcart"
"1563","applicator"
"1564","bicycle"
"1565","drink"
"1566","turtle"
"1567","scalp"
"1568","tire"
"1569","root"
"1570","wristwatch"
"1571","nose"
"1572","mud"
"1573","sunglasses"
"1574","tong"
"1575","dip"
"1576","tinsel"
"1577","knee"
"1578","velvet"
"1579","doorman"
"1580","torch"
"1581","peel"
"1582","leggings"
"1583","peroxide"
"1584","priest"
"1585","hedgehog"
"1586","kitchenette"
"1587","headgear"
"1588","playhouse"
"1589","sequin"
"1590","spider"
"1591","lump"
"1592","cheesecloth"
"1593","cereal"
"1594","dipstick"
"1595","laboratory"
"1596","barbecue"
"1597","footpath"
"1598","saw"
"1599","dwelling"
"1600","sandalwood"
"1601","deer"
"1602","bag"
"1603","peach"
"1604","jewelry"
"1605","sleeve"
"1606","wheat"
"1607","cola"
"1608","stationmaster"
"1609","protester"
"1610","ingredient"
"1611","mother"
"1612","pup"
"1613","hill"
"1614","swimsuit"
"1615","loudspeaker"
"1616","gentleman"
"1617","sea"
"1618","camel"
"1619","temple"
"1620","nursemaid"
"1621","aircraftsman"
"1622","pulp"
"1623","greens"
"1624","towel"
"1625","rubber"
"1626","tomato"
"1627","coachman"
"1628","outfielder"
"1629","handbrake"
"1630","cucumber"
"1631","bullfighter"
"1632","mantelpiece"
"1633","rice"
"1634","airplane"
"1635","vacuum"
"1636","sangria"
"1637","fruitcake"
"1638","mule"
"1639","typewriter"
"1640","wife"
"1641","groin"
"1642","poker"
"1643","chestnut"
"1644","sweatshirt"
"1645","wreath"
"1646","basil"
"1647","bill"
"1648","rawhide"
"1649","smoothie"
"1650","zipper"
"1651","cannonball"
"1652","screen"
"1653","tissue"
"1654","torso"
"1655","teahouse"
"1656","garnets"
"1657","technician"
"1658","padding"
"1659","cellist"
"1660","workbox"
"1661","newsprint"
"1662","spokesman"
"1663","swing"
"1664","kiss"
"1665","colleague"
"1666","mousse"
"1667","cigarette"
"1668","tavern"
"1669","windsock"
"1670","roadster"
"1671","bookbinder"
"1672","sphincter"
"1673","turnstile"
"1674","friend"
"1675","butcher"
"1676","cop"
"1677","gymnast"
"1678","goddaughter"
"1679","pretzel"
"1680","ribbon"
"1681","garter"
"1682","sugarcane"
"1683","drawstring"
"1684","plantain"
"1685","limeade"
"1686","turkey"
"1687","mirror"
"1688","bully"
"1689","rug"
"1690","dresser"
"1691","urn"
"1692","bonnet"
"1693","silverware"
"1694","slingshot"
"1695","corduroy"
"1696","saxophone"
"1697","mattress"
"1698","doorframe"
"1699","shrine"
"1700","arrowhead"
"1701","burglar"
"1702","candlestick"
"1703","blender"
"1704","net"
"1705","classmate"
"1706","socket"
"1707","cartridge"
"1708","announcer"
"1709","card"
"1710","oven"
"1711","eclair"
"1712","peppermint"
"1713","buck"
"1714","dumpling"
"1715","buffet"
"1716","tablet"
"1717","soda"
"1718","crab"
"1719","slush"
"1720","statuette"
"1721","tenant"
"1722","chain"
"1723","strudel"
"1724","men"
"1725","storehouse"
"1726","feather"
"1727","lifeguard"
"1728","ecologist"
"1729","file"
"1730","virgin"
"1731","woodpile"
"1732","lever"
"1733","lamplighter"
"1734","plank"
"1735","whirlpool"
"1736","flycatcher"
"1737","foliage"
"1738","drapery"
"1739","lamp"
"1740","toothpick"
"1741","coffin"
"1742","bait"
"1743","grocery"
"1744","hatchback"
"1745","insole"
"1746","board"
"1747","shamrock"
"1748","microwave"
"1749","spade"
"1750","drum"
"1751","earthworm"
"1752","blueprint"
"1753","bookmark"
"1754","bunny"
"1755","vaccine"
"1756","pike"
"1757","ophthalmologist"
"1758","daffodil"
"1759","cello"
"1760","human"
"1761","handwork"
"1762","salve"
"1763","lager"
"1764","tripod"
"1765","printout"
"1766","landlady"
"1767","vegetation"
"1768","nightdress"
"1769","duckling"
"1770","hair"
"1771","barrette"
"1772","accountant"
"1773","pocket"
"1774","lovebird"
"1775","squash"
"1776","windowpane"
"1777","plastic"
"1778","needlework"
"1779","pistol"
"1780","robe"
"1781","rocker"
"1782","catwalk"
"1783","dwarf"
"1784","mum"
"1785","croquette"
"1786","jar"
"1787","brooch"
"1788","guestroom"
"1789","band"
"1790","needles"
"1791","husband"
"1792","icepick"
"1793","waitress"
"1794","trash"
"1795","lace"
"1796","hamburger"
"1797","congresswoman"
"1798","radio"
"1799","hat"
"1800","entree"
"1801","rail"
"1802","cupboard"
"1803","crackers"
"1804","lick"
"1805","bathtub"
"1806","holding"
"1807","pupil"
"1808","fist"
"1809","ski"
"1810","ladybug"
"1811","cob"
"1812","sex"
"1813","barrel"
"1814","wood"
"1815","scarf"
"1816","ocean"
"1817","scribbling"
"1818","stirrup"
"1819","chalk"
"1820","tweezer"
"1821","kidney"
"1822","cardigan"
"1823","hall"
"1824","lollipop"
"1825","wheel"
"1826","optician"
"1827","swan"
"1828","windshield"
"1829","stroller"
"1830","canoe"
"1831","tag"
"1832","machete"
"1833","tractor"
"1834","carpenter"
"1835","toaster"
"1836","pear"
"1837","snow"
"1838","desk"
"1839","meat"
"1840","weed"
"1841","mouse"
"1842","guardsman"
"1843","soybean"
"1844","blanket"
"1845","brushes"
"1846","log"
"1847","thesaurus"
"1848","boots"
"1849","dividers"
"1850","hallway"
"1851","syringes"
"1852","beachwear"
"1853","mouth"
"1854","fork"
"1855","jeans"
"1856","mug"
"1857","pants"
"1858","children"
"1859","sackcloth"
"1860","omelet"
"1861","sack"
"1862","hanky"
"1863","fishbone"
"1864","lighthouse"
"1865","bridge"
"1866","kernel"
"1867","nutcrackers"
"1868","toothpaste"
"1869","girl"
"1870","booze"
"1871","bassinet"
"1872","sax"
"1873","oyster"
"1874","aircraft"
"1875","jeep"
"1876","sheet"
"1877","garland"
"1878","kazoo"
"1879","cheerleader"
"1880","cafe"
"1881","catnip"
"1882","dispenser"
"1883","pork"
"1884","snorkel"
"1885","retriever"
"1886","maggot"
"1887","cigar"
"1888","almanac"
"1889","doornail"
"1890","kindle"
"1891","cheddar"
"1892","substance"
"1893","waxwork"
"1894","veterinarian"
"1895","lice"
"1896","moth"
"1897","cookhouse"
"1898","motorbike"
"1899","anchor"
"1900","housefly"
"1901","metalworker"
"1902","primate"
"1903","rattle"
"1904","laundry"
"1905","lavatory"
"1906","vehicle"
"1907","model"
"1908","whisk"
"1909","ingredients"
"1910","wig"
"1911","shotgun"
"1912","shinbone"
"1913","denim"
"1914","quiche"
"1915","fudge"
"1916","pottery"
"1917","washboard"
"1918","mousetrap"
"1919","stepparent"
"1920","persimmon"
"1921","flypaper"
"1922","peony"
"1923","clerk"
"1924","oar"
"1925","bisque"
"1926","yolk"
"1927","hookah"
"1928","sod"
"1929","straightedge"
"1930","ammunition"
"1931","bankbook"
"1932","planner"
"1933","slipper"
"1934","graphite"
"1935","napkin"
"1936","trashcan"
"1937","bodyguard"
"1938","kids"
"1939","defendant"
"1940","you"
"1941","speakers"
"1942","penknife"
"1943","mucus"
"1944","cuttlefish"
"1945","maiden"
"1946","table"
"1947","therapist"
"1948","rosemary"
"1949","carrot"
"1950","custard"
"1951","ham"
"1952","bacon"
"1953","picnicker"
"1954","banister"
"1955","plaintiff"
"1956","garb"
"1957","barkeep"
"1958","homemaker"
"1959",NA
"1960","hanger"
"1961","ballplayer"
"1962","ore"
"1963","packet"
"1964","woodcarver"
"1965","tradesman"
"1966","coconut"
"1967","uncle"
"1968","clothespin"
"1969","environmentalist"
"1970","seashore"
"1971","mommy"
"1972","coat"
"1973","emerald"
"1974","herring"
"1975","sausage"
"1976","beefsteak"
"1977","shelving"
"1978","fingernail"
"1979","mastiff"
"1980","basket"
"1981","hitchhiker"
"1982","knuckle"
"1983","crossbow"
"1984","jaguar"
"1985","moss"
"1986","ballot"
"1987","conch"
"1988","proprietor"
"1989","stenographer"
"1990","bran"
"1991","textile"
"1992","stoneware"
"1993","kiln"
"1994","receptacle"
"1995","dove"
"1996","wrench"
"1997","alcohol"
"1998","boutique"
"1999","pug"
"2000","wax"
"2001","football"
"2002","searchlight"
"2003","chip"
"2004","snowman"
"2005","soldier"
"2006","crate"
"2007","riverboat"
"2008","glitter"
"2009","fillet"
"2010","plaything"
"2011","toastmaster"
"2012","tumbler"
"2013","assassin"
"2014","forearm"
"2015","taxpayer"
"2016","gravestone"
"2017","periscope"
"2018","barn"
"2019","rainfall"
"2020","thimble"
"2021","skullcap"
"2022","guidebook"
"2023","guillotine"
"2024","gadget"
"2025","machine"
"2026","corkscrew"
"2027","pony"
"2028","cone"
"2029","cross"
"2030","glider"
"2031","duffel"
"2032","politician"
"2033","pitcher"
"2034","javelin"
"2035","munitions"
"2036","handgun"
"2037","bullfrog"
"2038","petal"
"2039","jurist"
"2040","catsup"
"2041","liverwurst"
"2042","shopper"
"2043","sidecar"
"2044","punter"
"2045","petroleum"
"2046","backboard"
"2047","shawl"
"2048","yachtsman"
"2049","footbridge"
"2050","footman"
"2051","chiropractor"
"2052","adult"
"2053","cruiser"
"2054","tool"
"2055","bourbon"
"2056","pastrami"
"2057","stilt"
"2058","riverbank"
"2059","broiler"
"2060","opal"
"2061","ford"
"2062","hinge"
"2063","actress"
"2064","artichoke"
"2065","backbone"
"2066","baton"
"2067","bazooka"
"2068","bifocals"
"2069","billiards"
"2070","bloomers"
"2071","blueberry"
"2072","boa"
"2073","bondsman"
"2074","bong"
"2075","bosom"
"2076","boxer"
"2077","boy"
"2078","brassiere"
"2079","bread"
"2080","breast"
"2081","breasts"
"2082","briefcase"
"2083","broker"
"2084","businesswoman"
"2085","cactus"
"2086","capacitor"
"2087","capes"
"2088","carpet"
"2089","cart"
"2090","cayenne"
"2091","charcoal"
"2092","clipper"
"2093","cod"
"2094","colander"
"2095","cornstarch"
"2096","countrywoman"
"2097","cricket"
"2098","croquet"
"2099","crumb"
"2100","curtain"
"2101","cutlet"
"2102","daybed"
"2103","decor"
"2104","delicatessen"
"2105","derriere"
"2106","dice"
"2107","dogcatcher"
"2108","dryer"
"2109","dude"
"2110","enamel"
"2111","enemy"
"2112","excavator"
"2113","fastener"
"2114","fir"
"2115","floor"
"2116","florist"
"2117","footplate"
"2118","giblets"
"2119","glycerine"
"2120","goblet"
"2121","grape"
"2122","grease"
"2123","gymnasium"
"2124","handrail"
"2125","harp"
"2126","herb"
"2127","heroin"
"2128","hibiscus"
"2129","hosiery"
"2130","housemaid"
"2131","hutch"
"2132","joint"
"2133","kerchief"
"2134","kindling"
"2135","ladle"
"2136","lampshade"
"2137","lanyard"
"2138","laryngoscope"
"2139","leotard"
"2140","lilac"
"2141","limestone"
"2142","litter"
"2143","lock"
"2144","lumber"
"2145","man"
"2146","map"
"2147","massager"
"2148","merchandise"
"2149","microphone"
"2150","mint"
"2151","mulberry"
"2152","mutton"
"2153","newlyweds"
"2154","nightlight"
"2155","obstetrician"
"2156","orangutan"
"2157","orphan"
"2158","overcoat"
"2159","painkiller"
"2160","pantaloons"
"2161","paperhanger"
"2162","parcel"
"2163","parsley"
"2164","pellet"
"2165","perfume"
"2166","perspiration"
"2167","petticoat"
"2168","phalanges"
"2169","pickaxe"
"2170","pin"
"2171","pinecone"
"2172","placard"
"2173","plaster"
"2174","plastics"
"2175","playsuit"
"2176","plow"
"2177","podiatrist"
"2178","police"
"2179","polyester"
"2180","postage"
"2181","postmaster"
"2182","preschooler"
"2183","puck"
"2184","quarters"
"2185","rack"
"2186","railroad"
"2187","rind"
"2188","rink"
"2189","rock"
"2190","ruby"
"2191","salmon"
"2192","sandbag"
"2193","sandbox"
"2194","sandcastle"
"2195","sash"
"2196","seam"
"2197","seat"
"2198","sheep"
"2199","shin"
"2200","smock"
"2201","smuggler"
"2202","snowflake"
"2203","spike"
"2204","spit"
"2205","sportswriter"
"2206","spyglass"
"2207","stableman"
"2208","stake"
"2209","stationary"
"2210","stepdaughter"
"2211","stone"
"2212","stuff"
"2213","suede"
"2214","sugar"
"2215","suit"
"2216","tablespoon"
"2217","tailcoat"
"2218","tights"
"2219","tomahawk"
"2220","tonic"
"2221","toupee"
"2222","turnip"
"2223","turntable"
"2224","upholstery"
"2225","watercress"
"2226","wildlife"
"2227","wishbone"
"2228","woodpecker"
"2229","vulva"
"2230","abdomen"
"2231","absinthe"
"2232","acne"
"2233","acorn"
"2234","advisor"
"2235","album"
"2236","algae"
"2237","amphibian"
"2238","animal"
"2239","anklet"
"2240","antenna"
"2241","antihistamine"
"2242","appliance"
"2243","appraiser"
"2244","apricot"
"2245","apron"
"2246","arm"
"2247","artifact"
"2248","ash"
"2249","ass"
"2250","auto"
"2251","axe"
"2252","axle"
"2253","baklava"
"2254","ball"
"2255","balloon"
"2256","bangle"
"2257","barber"
"2258","barnacle"
"2259","barricade"
"2260","baseball"
"2261","bat"
"2262","bathroom"
"2263","bead"
"2264","beagle"
"2265","beanstalk"
"2266","bedroom"
"2267","beefcake"
"2268","beer"
"2269","bellflower"
"2270","beverage"
"2271","bible"
"2272","billfold"
"2273","bin"
"2274","binoculars"
"2275","birdseed"
"2276","birthmark"
"2277","blade"
"2278","bleacher"
"2279","bloodhound"
"2280","boathouse"
"2281","bobsleigh"
"2282","bolt"
"2283","bonbon"
"2284","bone"
"2285","bootlace"
"2286","boulder"
"2287","boyfriend"
"2288","braid"
"2289","brass"
"2290","breastbone"
"2291","brickwork"
"2292","broach"
"2293","broccoli"
"2294","broom"
"2295","broth"
"2296","brother"
"2297","buckle"
"2298","buffalo"
"2299","bug"
"2300","bulb"
"2301","bum"
"2302","bunkhouse"
"2303","bunkmate"
"2304","buoy"
"2305","butter"
"2306","buttermilk"
"2307","cabin"
"2308","canteen"
"2309","canvas"
"2310","carnival"
"2311","carpeting"
"2312","carriage"
"2313","caseworker"
"2314","cassette"
"2315","catfish"
"2316","cathedral"
"2317","caviar"
"2318","celery"
"2319","cellophane"
"2320","cent"
"2321","ceramic"
"2322","chair"
"2323","chairman"
"2324","chairwoman"
"2325","chaplain"
"2326","chart"
"2327","checkbook"
"2328","cherry"
"2329","chest"
"2330","chick"
"2331","childbirth"
"2332","chinchilla"
"2333","chopsticks"
"2334","chronometer"
"2335","chrysanthemum"
"2336","clarinet"
"2337","cliff"
"2338","clitoris"
"2339","clover"
"2340","cloverleaf"
"2341","club"
"2342","clubhouse"
"2343","cock"
"2344","cockatoo"
"2345","coin"
"2346","coke"
"2347","collie"
"2348","cologne"
"2349","comb"
"2350","comforter"
"2351","comic"
"2352","commode"
"2353","compass"
"2354","compost"
"2355","compressor"
"2356","condom"
"2357","confetti"
"2358","cookbook"
"2359","copier"
"2360","cornbread"
"2361","cornfield"
"2362","corvette"
"2363","costume"
"2364","councilwoman"
"2365","cow"
"2366","cowskin"
"2367","cracker"
"2368","cradle"
"2369","cream"
"2370","creamer"
"2371","crisps"
"2372","critter"
"2373","crossword"
"2374","crowbar"
"2375","crucifix"
"2376","crumpet"
"2377","cubical"
"2378","cuisine"
"2379","curb"
"2380","curler"
"2381","cuticle"
"2382","cymbal"
"2383","daiquiri"
"2384","daisy"
"2385","damsel"
"2386","dance"
"2387","dancer"
"2388","darkroom"
"2389","dart"
"2390","dartboard"
"2391","daughter"
"2392","deerskin"
"2393","denims"
"2394","dentist"
"2395","dessert"
"2396","detergent"
"2397","dietician"
"2398","dildo"
"2399","dime"
"2400","diner"
"2401","divorcee"
"2402","doghouse"
"2403","dollar"
"2404","donut"
"2405","doorbell"
"2406","doorknocker"
"2407","drain"
"2408","drainpipe"
"2409","drawer"
"2410","drawers"
"2411","drawing"
"2412","dressing"
"2413","drugstore"
"2414","drywall"
"2415","duckweed"
"2416","dynamite"
"2417","earphone"
"2418","earpiece"
"2419","edibles"
"2420","eel"
"2421","eggbeater"
"2422","eggshell"
"2423","electronics"
"2424","elephant"
"2425","encyclopedia"
"2426","engine"
"2427","entomologist"
"2428","envelope"
"2429","environment"
"2430","epidermis"
"2431","evergreen"
"2432","extinguisher"
"2433","eyedrop"
"2434","eyelash"
"2435","fabric"
"2436","factory"
"2437","fairground"
"2438","fan"
"2439","farmhand"
"2440","father"
"2441","feast"
"2442","fedora"
"2443","fence"
"2444","fiddle"
"2445","film"
"2446","finger"
"2447","firstborn"
"2448","fixture"
"2449","flagpole"
"2450","flashbulb"
"2451","flashlight"
"2452","flask"
"2453","floorboard"
"2454","fluid"
"2455","flute"
"2456","foghorn"
"2457","folder"
"2458","fondue"
"2459","food"
"2460","footbath"
"2461","footpad"
"2462","footstool"
"2463","forceps"
"2464","forklift"
"2465","fossil"
"2466","fountain"
"2467","fountainhead"
"2468","foxhound"
"2469","fridge"
"2470","gambler"
"2471","game"
"2472","garden"
"2473","gardener"
"2474","gate"
"2475","gauze"
"2476","gavel"
"2477","gazebo"
"2478","gear"
"2479","generator"
"2480","genitalia"
"2481","geranium"
"2482","germ"
"2483","gift"
"2484","glassblower"
"2485","glassware"
"2486","glue"
"2487","goat"
"2488","goatee"
"2489","goatskin"
"2490","gold"
"2491","goldsmith"
"2492","golfer"
"2493","grandparent"
"2494","grandson"
"2495","granny"
"2496","grass"
"2497","grasshopper"
"2498","gravel"
"2499","graveyard"
"2500","gravy"
"2501","greenery"
"2502","griddle"
"2503","guest"
"2504","gum"
"2505","gunnysack"
"2506","hairbrush"
"2507","hairnet"
"2508","hairpiece"
"2509","hairstyle"
"2510","hammock"
"2511","hamster"
"2512","handbag"
"2513","handclasp"
"2514","handkerchief"
"2515","handle"
"2516","handshake"
"2517","hangnail"
"2518","harmonica"
"2519","harpist"
"2520","harpsichord"
"2521","hatchet"
"2522","haystack"
"2523","headdress"
"2524","headrest"
"2525","hearse"
"2526","heel"
"2527","hog"
"2528","holster"
"2529","honey"
"2530","hook"
"2531","horn"
"2532","horsefly"
"2533","horseshoe"
"2534","hose"
"2535","house"
"2536","houseboat"
"2537","housekeeper"
"2538","hubcap"
"2539","hurdle"
"2540","hut"
"2541","hypnotist"
"2542","icing"
"2543","incubator"
"2544","ink"
"2545","inspector"
"2546","intercom"
"2547","intern"
"2548","interviewer"
"2549","jaw"
"2550","jet"
"2551","jeweler"
"2552","joystick"
"2553","kaleidoscope"
"2554","keepsake"
"2555","kit"
"2556","kiwi"
"2557","kneecap"
"2558","label"
"2559","labrador"
"2560","ladder"
"2561","lady"
"2562","lambskin"
"2563","lamplight"
"2564","land"
"2565","lapdog"
"2566","latch"
"2567","latex"
"2568","latrine"
"2569","lawyer"
"2570","laxative"
"2571","leaf"
"2572","ledge"
"2573","leftovers"
"2574","lei"
"2575","letter"
"2576","lid"
"2577","lingerie"
"2578","lint"
"2579","lipstick"
"2580","liquid"
"2581","llama"
"2582","lobbyist"
"2583","lobe"
"2584","locket"
"2585","locksmith"
"2586","lodging"
"2587","logbook"
"2588","loin"
"2589","loincloth"
"2590","longbow"
"2591","loo"
"2592","lotion"
"2593","luggage"
"2594","lyre"
"2595","macaroon"
"2596","machetes"
"2597","machinery"
"2598","magician"
"2599","maid"
"2600","maidservant"
"2601","mail"
"2602","mailbag"
"2603","maize"
"2604","makeup"
"2605","male"
"2606","mammal"
"2607","mandolin"
"2608","mango"
"2609","manicure"
"2610","mannequin"
"2611","mansions"
"2612","maple"
"2613","marble"
"2614","marijuana"
"2615","marionette"
"2616","marmalade"
"2617","marshmallow"
"2618","masseuse"
"2619","matchstick"
"2620","melon"
"2621","memo"
"2622","mentor"
"2623","merchant"
"2624","metal"
"2625","minister"
"2626","mink"
"2627","mistress"
"2628","mixer"
"2629","moneybags"
"2630","monk"
"2631","morsel"
"2632","mosquito"
"2633","mothball"
"2634","motorcycle"
"2635","motorist"
"2636","muscle"
"2637","mustard"
"2638","mutt"
"2639","muzzle"
"2640","nanny"
"2641","narcotics"
"2642","neck"
"2643","neckband"
"2644","necktie"
"2645","neckwear"
"2646","nectar"
"2647","needle"
"2648","newsletter"
"2649","newsman"
"2650","newspaper"
"2651","newspaperman"
"2652","newt"
"2653","nightcaps"
"2654","nurse"
"2655","nutcracker"
"2656","oat"
"2657","offspring"
"2658","oilcan"
"2659","opium"
"2660","orange"
"2661","oregano"
"2662","ornament"
"2663","outfit"
"2664","outlet"
"2665","pajama"
"2666","paper"
"2667","paratrooper"
"2668","partner"
"2669","path"
"2670","patrolman"
"2671","pea"
"2672","peacock"
"2673","peanuts"
"2674","peelings"
"2675","pegboard"
"2676","pencil"
"2677","penny"
"2678","pepper"
"2679","peppercorn"
"2680","pet"
"2681","phonograph"
"2682","piccolo"
"2683","pie"
"2684","piercing"
"2685","pillar"
"2686","pillowcase"
"2687","pincushion"
"2688","pineapple"
"2689","pinwheel"
"2690","pistachio"
"2691","plane"
"2692","player"
"2693","playground"
"2694","pliers"
"2695","pocketknife"
"2696","pompom"
"2697","poncho"
"2698","popcorn"
"2699","porch"
"2700","porridge"
"2701","portfolio"
"2702","pot"
"2703","potato"
"2704","poultry"
"2705","powerboat"
"2706","primrose"
"2707","proofreader"
"2708","prop"
"2709","prosthesis"
"2710","pub"
"2711","pudding"
"2712","puke"
"2713","pullover"
"2714","pump"
"2715","puppet"
"2716","puppy"
"2717","pushcart"
"2718","quarter"
"2719","racehorse"
"2720","radiologist"
"2721","rag"
"2722","rain"
"2723","ramp"
"2724","razor"
"2725","receipt"
"2726","receipts"
"2727","recruiter"
"2728","reefer"
"2729","reindeer"
"2730","remote"
"2731","repairer"
"2732","residence"
"2733","revolver"
"2734","rhinestone"
"2735","roadway"
"2736","roommate"
"2737","rosary"
"2738","rotisserie"
"2739","rucksack"
"2740","saddle"
"2741","saffron"
"2742","sage"
"2743","sailcloth"
"2744","salad"
"2745","salesgirl"
"2746","saleswoman"
"2747","salt"
"2748","saltshaker"
"2749","sauna"
"2750","scar"
"2751","schoolboy"
"2752","schoolgirl"
"2753","scissor"
"2754","scoop"
"2755","scorecard"
"2756","scorpion"
"2757","scratches"
"2758","screwdriver"
"2759","sculpture"
"2760","scythe"
"2761","seaplane"
"2762","secretary"
"2763","sedative"
"2764","seed"
"2765","senorita"
"2766","shallot"
"2767","shelf"
"2768","shipmate"
"2769","shirttail"
"2770","shoelace"
"2771","shoestring"
"2772","shore"
"2773","shortbread"
"2774","shortcake"
"2775","shorts"
"2776","shower"
"2777","shrub"
"2778","shrubbery"
"2779","shuttle"
"2780","sidewalk"
"2781","sign"
"2782","signpost"
"2783","singer"
"2784","sink"
"2785","skateboarder"
"2786","skin"
"2787","sled"
"2788","slime"
"2789","sling"
"2790","slipcover"
"2791","snail"
"2792","sneaker"
"2793","snowball"
"2794","soles"
"2795","sombrero"
"2796","songbook"
"2797","sourdough"
"2798","southerner"
"2799","spear"
"2800","spoon"
"2801","sprinkler"
"2802","sprinter"
"2803","staff"
"2804","stairwell"
"2805","stallion"
"2806","stamp"
"2807","statue"
"2808","steamboat"
"2809","stepchild"
"2810","stereo"
"2811","stethoscope"
"2812","stomp"
"2813","stopwatch"
"2814","straitjacket"
"2815","straw"
"2816","stream"
"2817","streetcar"
"2818","streetwalker"
"2819","stretcher"
"2820","subway"
"2821","suitcase"
"2822","summerhouse"
"2823","sushi"
"2824","suspenders"
"2825","swab"
"2826","swamp"
"2827","sweetener"
"2828","switchboard"
"2829","sword"
"2830","syrup"
"2831","talisman"
"2832","tank"
"2833","tape"
"2834","tattoo"
"2835","taxi"
"2836","teenager"
"2837","telescope"
"2838","tepee"
"2839","termite"
"2840","terrier"
"2841","terrycloth"
"2842","theologian"
"2843","throat"
"2844","thumb"
"2845","thumbscrew"
"2846","tie"
"2847","tightrope"
"2848","tin"
"2849","tinplate"
"2850","tobacco"
"2851","toffee"
"2852","toilet"
"2853","tomb"
"2854","tombstone"
"2855","tongue"
"2856","tooth"
"2857","tortilla"
"2858","tortoise"
"2859","tote"
"2860","tower"
"2861","townsfolk"
"2862","train"
"2863","traveler"
"2864","traveller"
"2865","treasure"
"2866","tree"
"2867","tricycle"
"2868","trombone"
"2869","trousers"
"2870","trucks"
"2871","trumpet"
"2872","tub"
"2873","tugboat"
"2874","tummy"
"2875","tuxedo"
"2876","twig"
"2877","twine"
"2878","undershirt"
"2879","underwear"
"2880","vaginal"
"2881","vase"
"2882","vegetable"
"2883","vendor"
"2884","vermicelli"
"2885","vermouth"
"2886","vinaigrette"
"2887","vinegar"
"2888","vinyl"
"2889","vitamin"
"2890","vitamins"
"2891","vodka"
"2892","wafer"
"2893","waiter"
"2894","walker"
"2895","wallpaper"
"2896","warden"
"2897","washbowl"
"2898","washcloth"
"2899","washer"
"2900","washstand"
"2901","watch"
"2902","watchdog"
"2903","watchmaker"
"2904","watermelon"
"2905","web"
"2906","whiskers"
"2907","wing"
"2908","woman"
"2909","woodblock"
"2910","woodshed"
"2911","wool"
"2912","workbook"
"2913","worm"
"2914","wounds"
"2915","yacht"
"2916","yearbook"
"2917","yoga"
"2918","alfalfa"
"2919","arachnid"
"2920","ashes"
"2921","backgammon"
"2922","balm"
"2923","bedspread"
"2924","bouquet"
"2925","bratwurst"
"2926","bridegroom"
"2927","buttock"
"2928","cadet"
"2929","calipers"
"2930","chambermaid"
"2931","corset"
"2932","crypt"
"2933","dandruff"
"2934","ductwork"
"2935","fingerprint"
"2936","flesh"
"2937","forehead"
"2938","gatehouse"
"2939","genitals"
"2940","gyroscope"
"2941","houseboy"
"2942","manhole"
"2943","palm"
"2944","peashooter"
"2945","pimple"
"2946","pumice"
"2947","quadriceps"
"2948","raisin"
"2949","sarong"
"2950","shavings"
"2951","skillet"
"2952","teardrop"
"2953","tiller"
"2954","toboggan"
"2955","viewfinder"
"2956","wheelhouse"
"2957","wildcat"
"2958","drunkard"
"2959","negligee"
"2960","tyke"
"2961","whore"
"2962","tripe"
"2963","coverall"
"2964","bloke"
"2965","tit"
"2966","solicitor"
"2967","panhandler"
"2968","hashish"
"2969","morphine"
"2970","musket"
"2971","gramophone"
"2972","firebox"
"2973","globe"
"2974","pew"
"2975","toga"
"2976","lesion"
"2977","marigold"
"2978","erection"
"2979","saloonkeeper"
"2980","wingman"
"2981","lance"
"2982","femur"
"2983","spreader"
"2984","douche"
"2985","tapioca"
"2986","sapling"
"2987","gumbo"
"2988","cryptographer"
"2989","navel"
"2990","teakwood"
"2991","gourd"
"2992","bifocal"
"2993","publication"
"2994","excrement"
"2995","bridesmaid"
"2996","waistcoat"
"2997","cashmere"
"2998","earwax"
"2999","newlywed"
"3000","turbin"
